type	code	id	name	formula	mol_weight	charge
General	None	biomass	biomass	R	None	0
General	None	protein	protein	R	None	0
General	None	dna	dna	R	None	0
General	None	rna	rna	R	None	0
Prot	A	C00041	L-alanine	C3H7NO2	0.089093	0
Prot	R	C00062	L-arginine	C6H15N4O2	0.175209	1
Prot	N	C00152	L-asparagine	C4H8N2O3	0.132118	0
Prot	D	C00049	L-aspartate	C4H6NO4	0.132095	-1
Prot	C	C00097	L-cysteine	C3H7NO2S	0.121159	0
Prot	E	C00025	L-glutamate	C5H8NO4	0.146121	-1
Prot	Q	C00064	L-glutamine	C5H10N2O3	0.146144	0
Prot	G	C00037	L-glycine	C2H5NO2	0.075067	0
Prot	H	C00135	L-histidine	C6H9N3O2	0.155155	0
Prot	I	C00407	L-isoleucine	C6H13NO2	0.131173	0
Prot	L	C00123	L-leucine	C6H13NO2	0.131173	0
Prot	K	C00047	L-lysine	C6H15N2O2	0.147196	1
Prot	M	C00073	L-methionine	C5H11NO2S	0.149211	0
Prot	F	C00079	L-phenylalanine	C9H11NO2	0.165189	0
Prot	P	C00148	L-proline	C5H9NO2	0.11513	0
Prot	S	C00065	L-serine	C3H7NO3	0.105093	0
Prot	T	C00188	L-threonine	C4H9NO3	0.119119	0
Prot	W	C00078	L-tryptophan	C11H12N2O2	0.204225	0
Prot	Y	C00082	L-tyrosine	C9H11NO3	0.181189	0
Prot	V	C00183	L-valine	C5H11NO2	0.117146	0
DNA	A	C00131	dATP	C10H12N5O12P3	0.48715	-4
DNA	T	C00459	dTTP	C10H13N2O14P3	0.478137	-4
DNA	G	C00286	dGTP	C10H12N5O13P3	0.503149	-4
DNA	C	C00458	dCTP	C9H12N3O13P3	0.463125	-4
RNA	A	C00002	ATP	C10H12N5O13P3	0.503149	-4
RNA	U	C00075	UTP	C9H11N2O15P3	0.480109	-4
RNA	G	C00044	GTP	C10H12N5O14P3	0.519149	-4
RNA	C	C00063	CTP	C9H12N3O14P3	0.479125	-4
Other	None	C00013	Diphosphate	HO7P2	0.174951	-3
Other	None	C00020	AMP	C10H12N5O7P	0.345205	-2
Other	None	C00035	GDP	C10H12N5O11P2	0.440177	-3
Other	None	C00009	Orthophosphate	HO4P	0.095979	-2
Other	None	C00001	H2O	H2O	0.018015	0
Other	None	C00008	ADP	C10H12N5O10P2	0.424177	-3
Other	None	C00080	H+	H	0.001008	1
trna	None	C01635	tRNA(Ala)	R	None	0
trna	None	C01636	tRNA(Arg)	R	None	0
trna	None	C01637	tRNA(Asn)	R	None	0
trna	None	C01638	tRNA(Asp)	R	None	0
trna	None	C01639	tRNA(Cys)	R	None	0
trna	None	C01641	tRNA(Glu)	R	None	0
trna	None	C01640	tRNA(Gln)	R	None	0
trna	None	C01642	tRNA(Gly)	R	None	0
trna	None	C01643	tRNA(His)	R	None	0
trna	None	C01644	tRNA(Ile)	R	None	0
trna	None	C01645	tRNA(Leu)	R	None	0
trna	None	C01646	tRNA(Lys)	R	None	0
trna	None	C01647	tRNA(Met)	R	None	0
trna	None	C01648	tRNA(Phe)	R	None	0
trna	None	C01649	tRNA(Pro)	R	None	0
trna	None	C01650	tRNA(Ser)	R	None	0
trna	None	C01651	tRNA(Thr)	R	None	0
trna	None	C01652	tRNA(Trp)	R	None	0
trna	None	C00787	tRNA(Tyr)	R	None	0
trna	None	C01653	tRNA(Val)	R	None	0
aatrna	None	C00886	Ala-tRNA(Ala)	C3H7NOR	None	1
aatrna	None	C02163	Arg-tRNA(Arg)	C6H15N4OR	None	2
aatrna	None	C03402	Asn-tRNA(Asn)	C4H8N2O2R	None	1
aatrna	None	C02984	Asp-tRNA(Asp)	C4H6NO3R	None	0
aatrna	None	C03125	Cys-tRNA(Cys)	C3H7NOSR	None	1
aatrna	None	C02987	Glu-tRNA(Glu)	C5H8NO3R	None	0
aatrna	None	C02282	Gln-tRNA(Gln)	C5H10N2O2R	None	1
aatrna	None	C02412	Gly-tRNA(Gly)	C2H5NOR	None	1
aatrna	None	C02988	His-tRNA(His)	C6H9N3OR	None	1
aatrna	None	C03127	Ile-tRNA(Ile)	C6H13NOR	None	1
aatrna	None	C02047	Leu-tRNA(Leu)	C6H13NOR	None	1
aatrna	None	C01931	Lys-tRNA(Lys)	C6H15N2OR	None	2
aatrna	None	C02430	Met-tRNA(Met)	C5H11NOSR	None	1
aatrna	None	C03511	Phe-tRNA(Phe)	C9H11NOR	None	1
aatrna	None	C02702	Pro-tRNA(Pro)	C5H9NOR	None	1
aatrna	None	C02553	Ser-tRNA(Ser)	C3H7NO2R	None	1
aatrna	None	C02992	Thr-tRNA(Thr)	C4H9NO2R	None	1
aatrna	None	C03512	Trp-tRNA(Trp)	C11H12N2OR	None	1
aatrna	None	C02839	Tyr-tRNA(Tyr)	C9H11NO2R	None	1
aatrna	None	C02554	Val-tRNA(Val)	C5H11NOR	None	1
